{"agecell":[19.0684928894043,19.1506843566895,19.2328758239746,19.3150691986084,19.3972606658936,19.4794521331787,19.5616436004639,19.643835067749,19.7260265350342,19.808219909668,19.8904113769531,19.9726028442383,20.0547943115234,20.1369857788086,20.2191772460938,20.3013706207275,20.3835620880127,20.4657535552979,20.547945022583,20.6301364898682,20.7123279571533,20.7945213317871,20.8767127990723,20.9589042663574,20.9999904632568,21,21.0410957336426,21.1232872009277,21.2054786682129,21.2876720428467,21.3698635101318,21.452054977417,21.5342464447021,21.6164379119873,21.6986293792725,21.7808227539062,21.8630142211914,21.9452056884766,22.0273971557617,22.1095886230469,22.191780090332,22.2739734649658,22.356164932251,22.4383563995361,22.5205478668213,22.6027393341064,22.6849308013916,22.7671241760254,22.8493156433105,22.9315071105957],"all":[92.8254013061523,95.1007385253906,92.1442947387695,88.4277572631836,88.7049407958984,90.1917877197266,96.2203063964844,89.6155548095703,93.3816986083984,90.8579559326172,95.8101501464844,94.1580657958984,92.464599609375,98.2455978393555,94.9604034423828,93.3853225708008,90.1209182739258,92.4062271118164,93.3544845581055,92.2287826538086,92.3322448730469,92.6675109863281,93.3901977539062,94.2699127197266,"NA","NA",105.268348693848,101.066513061523,96.9665222167969,102.82689666748,100.979431152344,101.236946105957,99.4975967407227,95.2013092041016,97.2582473754883,98.9287261962891,102.26220703125,96.8333740234375,99.5019683837891,96.0722885131836,95.9682083129883,98.6106719970703,97.9524688720703,97.4117279052734,97.5094757080078,95.5623931884766,97.023063659668,99.3745727539062,94.3153076171875,97.3976440429688],"allfitted":[91.7061462402344,91.8837203979492,92.0490646362305,92.2021408081055,92.3429183959961,92.4713439941406,92.5873870849609,92.6910171508789,92.7821960449219,92.8608703613281,92.9270248413086,92.9806060791016,93.0215835571289,93.0976715087891,93.1612396240234,93.2122344970703,93.2505874633789,93.2762451171875,93.2891540527344,93.2892456054688,93.2764739990234,93.2507629394531,93.2120742797852,93.1603240966797,93.1344528198242,102.891761779785,102.589080810547,101.98371887207,101.412475585938,100.875518798828,100.373046875,99.9052352905273,99.4722671508789,99.074333190918,98.7116165161133,98.3843154907227,98.0926055908203,97.8366928100586,97.6167602539062,97.4337387084961,97.2870788574219,97.177001953125,97.1036911010742,97.0673599243164,97.0681991577148,97.1064224243164,97.1822280883789,97.2958221435547,97.4474258422852,97.6372299194336],"internal":[16.6175899505615,18.3276844024658,18.9110527038574,16.101770401001,17.3635196685791,17.8721046447754,16.4149417877197,15.977087020874,17.4332714080811,18.285400390625,18.6075992584229,18.436279296875,19.6344585418701,20.8838596343994,18.4730033874512,18.8834838867188,18.5678195953369,19.363130569458,19.9688739776611,19.4226570129395,20.3770370483398,19.5211315155029,18.6239452362061,20.2006950378418,"NA","NA",21.9373664855957,21.1218528747559,19.2532806396484,21.5083160400391,22.3661441802979,21.2327785491943,21.2705497741699,22.0932960510254,21.2678718566895,19.4549312591553,20.5155658721924,22.0938186645508,21.0248870849609,23.4032402038574,20.6242237091064,23.1299152374268,23.0922145843506,24.3729095458984,23.4967403411865,22.8178768157959,21.8151226043701,24.3505935668945,22.9437408447266,24.2383193969727],"internalfitted":[16.738130569458,16.920654296875,17.0988426208496,17.2726802825928,17.4421558380127,17.6072540283203,17.7679653167725,17.9242725372314,18.0761661529541,18.2236309051514,18.3666515350342,18.5052185058594,18.6393165588379,18.7785625457764,18.9134731292725,19.0440235137939,19.1701965332031,19.291971206665,19.4093284606934,19.5222473144531,19.6307048797607,19.7346839904785,19.8341617584229,19.9291191101074,19.9765968322754,21.108039855957,21.1045360565186,21.0975322723389,21.1023178100586,21.1189613342285,21.1475200653076,21.188060760498,21.2406482696533,21.3053436279297,21.3822154998779,21.4713249206543,21.5727424621582,21.6865310668945,21.8127574920654,21.9516525268555,22.1031246185303,22.2672424316406,22.4440727233887,22.6336879730225,22.8361568450928,23.0515480041504,23.2799339294434,23.5213871002197,23.7759799957275,24.0437831878662],"external":[76.2078170776367,76.7730560302734,73.2332382202148,72.3259811401367,71.3414154052734,72.3196792602539,79.8053665161133,73.6384658813477,75.9484252929688,72.5725555419922,77.2025527954102,75.7217864990234,72.8301391601562,77.3617401123047,76.4873962402344,74.501838684082,71.5531005859375,73.0430908203125,73.385612487793,72.8061218261719,71.955207824707,73.1463775634766,74.7662506103516,74.069221496582,"NA","NA",83.3309860229492,79.9446640014648,77.7132415771484,81.3185806274414,78.6132888793945,80.0041732788086,78.2270431518555,73.1080093383789,75.9903793334961,79.4737930297852,81.7466430664062,74.7395553588867,78.4770736694336,72.6690444946289,75.3439788818359,75.4807586669922,74.8602523803711,73.038818359375,74.0127334594727,72.744514465332,75.2079391479492,75.0239791870117,71.3715667724609,73.1593246459961],"externalfitted":[74.9680099487305,74.9630661010742,74.9502258300781,74.9294662475586,74.9007568359375,74.8640899658203,74.8194198608398,74.7667465209961,74.7060241699219,74.6372451782227,74.5603713989258,74.4753875732422,74.3822708129883,74.3191146850586,74.2477722167969,74.1682052612305,74.0803909301758,73.9842758178711,73.8798217773438,73.7669982910156,73.6457672119141,73.5160827636719,73.3779067993164,73.2312088012695,73.1578598022461,81.7837219238281,81.4845428466797,80.8861923217773,80.3101577758789,79.7565612792969,79.2255249023438,78.717170715332,78.2316207885742,77.7689895629883,77.3294067382812,76.9129867553711,76.5198669433594,76.1501617431641,75.8040084838867,75.4820785522461,75.183952331543,74.9097595214844,74.6596145629883,74.4336700439453,74.2320404052734,74.0548706054688,73.9022903442383,73.7744369506836,73.6714401245117,73.5934524536133],"alcohol":[0.639138042926788,0.677409291267395,0.866442620754242,0.867308437824249,1.01916313171387,1.17132186889648,0.869916319847107,1.09795141220093,1.17485094070435,0.948412895202637,1.32911419868469,1.21641421318054,1.02738440036774,0.952730774879456,1.37402510643005,0.993867516517639,1.22509324550629,0.996913611888885,0.960041999816895,0.961517691612244,1.00151789188385,1.19595873355865,0.965972244739532,1.23835682868958,"NA","NA",2.5193088054657,1.59190440177917,1.36134314537048,1.44168066978455,1.3271359205246,1.72051978111267,1.13599622249603,1.02029430866241,1.61179792881012,1.73282790184021,1.30194938182831,1.14619088172913,1.34622633457184,1.62632691860199,1.82796585559845,1.63223159313202,1.55543410778046,1.63817918300629,1.56111228466034,1.24315321445465,0.88385397195816,1.20746743679047,1.37097930908203,1.77747678756714],"alcoholfitted":[0.794344484806061,0.837574899196625,0.877834677696228,0.915114879608154,0.949406564235687,0.980700731277466,1.00898838043213,1.03426051139832,1.05650806427002,1.07572174072266,1.09189260005951,1.1050112247467,1.11506855487823,1.12263107299805,1.12711954116821,1.12851965427399,1.12681746482849,1.12199854850769,1.11404860019684,1.10295307636261,1.08869767189026,1.07126760482788,1.05064821243286,1.0268247127533,1.01491296291351,1.81736052036285,1.78858768939972,1.73104214668274,1.67761361598969,1.62832391262054,1.58319520950317,1.54224956035614,1.50550925731659,1.47299695014954,1.44473505020142,1.42074656486511,1.40105426311493,1.38568150997162,1.37465143203735,1.36799776554108,1.36573386192322,1.36788380146027,1.37447154521942,1.38552129268646,1.40105760097504,1.42110514640808,1.44568848609924,1.47483277320862,1.5085631608963,1.54690480232239],